Feature1,Feature2,Label
-5.198112818628083,0.6418693163940358,1
-5.752295378391194,0.4186271113893151,1
-10.844898372319836,-7.553522726562745,0
-4.570984834276422,-0.8010174062556411,1
-3.519162152942358,0.039344896046664316,1
1.603916110243436,0.7638804060602309,2
-9.751573566587453,-5.203026198176283,0
-11.510236350280888,-4.162843213812081,0
-7.726757948652349,-5.866565633916548,0
2.676567389285774,3.2987275621576053,2
4.779996449540135,-0.3244319313931806,2
1.0777920747713639,-0.24999667608192833,2
-8.55545130096433,-5.035368003422989,0
2.159863916480793,1.1201529987795338,2
-8.81718974886526,-4.579256336672506,0
-2.5381616962605764,-1.4182733283041056,1
2.835366200525243,1.7732280494697044,2
1.1291553255034756,-0.8370766784969776,2
-8.89314980317568,-5.32749594217125,0
-7.035285456338817,-4.634899727873358,0
-9.2909954481144,-6.110015326196258,0
2.2195308797816238,-0.14202964183788702,2
-8.992939211551535,-4.799269444060297,0
-3.7733390479978945,-0.051011394532166576,1
-8.14569116664311,-7.001194954819966,0
-5.000118356910459,0.23328229837492112,1
3.145997647610386,-0.9327584633808377,2
-4.047288540471058,-0.28806791126430403,1
1.701761022927855,-0.701595231967997,2
-8.82010859251805,-6.8453897716146255,0
-5.305073728915331,-0.9441718541643611,1
-9.464436766348976,-6.540657248342111,0
-5.3558787393335265,-0.5868578940940704,1
3.576108535202578,1.1694369165766378,2
2.134494121868164,0.12113278046118892,2
2.586182400977828,0.9569805269095708,2
1.5729639820201267,-1.0702799116772128,2
-4.713259381381283,0.1868918856568183,1
1.464771788632191,0.404016951542203,2
-9.022694729242932,-4.365698259762824,0
-10.813602278826897,-5.049525330241017,0
-8.147798210219307,-4.878821277170505,0
-5.38756058032074,-1.1581643478122075,1
-5.637424158568727,-0.3532777945242624,1
2.3609475681126884,1.8569063306485225,2
-8.094215850782051,-5.7749273933890635,0
0.8697309771259951,0.8949930158398666,2
-10.430850668212116,-6.234084368027341,0
-5.236918503133578,-1.0430362562771254,1
-4.375312679469331,-2.1008262265869018,1
-3.342843321636564,-0.7225746905278861,1
-4.4021522495880046,0.6165079719624909,1
-8.405901057585934,-4.79557027150421,0
-9.956645364230686,-6.0521238864059725,0
-4.790766477182417,1.8141548842500252,1
1.511488653331168,0.08990435656327672,2
-8.53616394179077,-5.625843913418277,0
-5.123436038011,1.325380067343854,1
-4.137439850960205,-0.9634777449914915,1
-6.1092242996779405,-0.7656151302004778,1
-3.9552829838949766,-0.48834169321107834,1
-10.076450036378095,-5.399924249770204,0
-2.5618627030201258,1.8427446529862106,1
3.3652968310380933,0.4710922783951733,2
-3.4138602280010337,0.3680288007294278,1
-4.472975483380635,0.14548592188595302,1
-8.981104302160377,-5.746658988105251,0
2.610499986136841,1.3200199161005557,2
-5.498352996371848,-0.5449281261551852,1
-3.221981637325033,0.951099007048757,1
-4.620461290339238,-0.45834124212134375,1
-5.641214390659658,-0.322649501756115,1
-4.748618634041317,0.3237903601503631,1
2.256209829479157,-0.5784480699664163,2
-8.424578320056511,-5.322646635548799,0
-3.160817395594016,0.6798342713370448,1
-3.581401899460108,0.8075674530163314,1
0.6586552899306406,2.116186738078464,2
2.69118899472726,1.1585753511303725,2
-4.468401166048184,0.15247998386127962,1
-8.803196779175222,-5.5862495687281415,0
-9.378284814261244,-3.665080577500815,0
-4.667589964855987,-1.3838418055268318,1
1.2107596174483135,1.0909513772726913,2
-8.731371979285626,-4.586968683907697,0
1.6650454195967643,0.09305974742522072,2
3.0352334260621006,0.7459031455829783,2
-9.450179105860807,-5.925277488227979,0
-9.345123810940425,-3.518924404547934,0
-9.45849879382565,-4.522199595775289,0
2.9333412400675,-1.9602137096546124,2
-6.469411785043539,1.1663432860557899,1
2.043440803814713,0.3772996509362087,2
2.264122711905621,2.009210602846176,2
-5.747385582273123,0.13035553549100942,1
-6.298073011146861,0.5095756943754766,1
2.787875171000784,0.3881640428140877,2
-3.4120339279113083,0.6262572075040181,1
-4.039815639561795,-0.351531172900092,1
-9.93761365122951,-3.868097995638365,0
1.9466094390107447,0.7634326060611765,2
-6.867092087363954,-5.766832601085387,0
-10.090810773757482,-5.469534833878375,0
-4.140729931102338,0.5703544814800133,1
-9.808596178487953,-6.943026214643361,0
0.7176813839485376,-0.05193383493157233,2
-3.4120661432410335,2.418039695764626,1
1.7092421296170421,-0.08847400959104923,2
-8.90198359102881,-6.451543989959995,0
-4.803163207037036,-0.8759299804467624,1
0.8184317970444195,0.6414276366267264,2
-10.556140857034778,-5.978412343997302,0
-8.971840276974303,-6.042117234130715,0
-9.255680682222607,-6.744031624077561,0
1.6602333480497167,2.3505564502871694,2
-2.8209887238995313,-1.0038233141334947,1
1.6085771358786047,0.37727022920451475,2
-4.499800540137854,1.9698352237227146,1
-4.1083825919974934,0.19628719290619107,1
-9.985752104328673,-3.9811037463443704,0
1.7521163966256208,0.48648259246973835,2
-5.166738056630054,1.909786560365866,1
2.2219334627586136,1.6935049012004117,2
-7.613221858608172,-5.590643549105038,0
-4.075798787917531,-1.1570908796925834,1
2.6885471376605996,0.7953198010380136,2
-4.791799537028531,2.065755253628703,1
-4.237855836438725,-1.0831475318506296,1
3.1957671437363944,-0.041920725720924534,2
-10.487752605055928,-4.923099426617135,0
-9.625016349341692,-6.742680554790467,0
2.145169347819125,-1.5124884111929395,2
-8.54606245765481,-8.34464530814272,0
1.423086822239621,1.3334399451582821,2
-3.166707262647465,0.3109525710058999,1
-4.644567445417105,0.8199679096361179,1
-8.403877187562147,-4.554457631282436,0
2.4031815954552203,0.1946605903038796,2
1.1150935929504642,1.0803124136609306,2
-5.496677934291577,-0.06584594374161676,1
-4.85105017343581,1.2133712848193168,1
-4.278695135743076,1.2943525129116036,1
-5.368326424147224,-0.6290239757536532,1
1.8926588339207786,2.238545401139643,2
-3.847703944012144,-0.9752010671261226,1
-8.571757617701858,-4.103543944414995,0
2.363194699118981,-1.0703149001693422,2
-4.139994932182794,0.3806236585284559,1
-9.473395756144962,-6.612091416470406,0
1.2189215338370065,-0.013868471451145892,2
-4.17847207510161,-1.768063058558242,1
-3.6226923688535737,-0.9691939793406308,1
2.470770154240461,-0.37162635320220916,2
-9.133838672648842,-5.149702781458045,0
3.4732377850411287,-0.005863009366096628,2
2.6497443262121863,-0.06061198493262365,2
-8.71693851742024,-5.101671999912375,0
2.6700061298295448,-0.3549218017743533,2
-8.384762171606823,-5.7002863816486835,0
3.3290745714203247,-0.20917859627683888,2
2.577572619849767,0.18252613092531134,2
1.5246610219529217,-0.9661723930118582,2
1.3027725223171984,-0.7769048437484913,2
1.6010137764770873,0.6566322743995752,2
-10.766958688823408,-4.060868426839297,0
-8.50973656307954,-5.548222006105012,0
-3.072872452168571,0.9521616458958965,1
-9.27536209351574,-7.8316765321512065,0
-8.54813623121769,-4.800537216263536,0
-5.309969519309754,0.5541590143252519,1
-9.887227995840515,-3.703889852355595,0
-7.312582935662958,-3.9865599566096313,0
-3.8371851485440636,-0.9236934085901283,1
2.306689405242932,1.2291089245867288,2
-3.667147023988734,-0.08208254835246862,1
1.8067132539988309,0.21737206709128365,2
-8.45610839900977,-5.294892914233639,0
-4.071286316766577,0.5147124902858486,1
-5.028657814626794,-0.47654788591796515,1
-4.982206051509755,0.16499566138997274,1
-7.803366720218786,-0.6361607947227746,1
-9.350320280908551,-6.140991453546972,0
1.3940158828599516,0.7972142598431249,2
-3.757018022482695,-0.6644814136409277,1
-5.986045090077886,0.40538084392591656,1
-5.873614991671006,0.14374006128925965,1
-7.848106211740861,-6.092517905858191,0
-6.177164547509616,0.9879259268117363,1
-2.877360000433078,0.6766055843850878,1
-3.0864118467786352,-0.772943836859311,1
2.499636375018134,-0.11403744133568805,2
-4.119762760308027,0.2782811595014056,1
-8.174171264494687,-5.086174567239867,0
-3.3052459367868012,1.4293315430655489,1
2.033143970264633,-0.21688853950107756,2
-8.33696091798213,-5.960435661368358,0
1.4410483377464312,-0.9557307046382779,2
-4.728116669922117,0.5229794512975838,1
-10.411636802323883,-6.0523663812638535,0
1.4136406261630974,0.2572933279657855,2
-8.025949594181359,-4.108448035658976,0
1.7956611467248076,-0.5163368912832591,2
-7.096998301535029,0.20505170569485517,1
-8.393513147133813,-6.099627276197775,0
-7.934291205622124,-5.192398923088441,0
1.168169251357476,1.9330322725490878,2
-5.418532169246935,0.5563357969289255,1
-8.593432405110972,-5.48060950200365,0
-10.857146706956284,-5.995256860547631,0
-3.7953350245264965,0.766218165982104,1
3.1036298483762828,0.5291981704253643,2
1.2847667689574815,1.0720116152383818,2
-5.652866684323114,-0.6420448778391642,1
-9.34305076183287,-5.253490231013391,0
2.181163577704038,1.6742468740092613,2
-5.113812830055961,0.7262969952568338,1
-4.9419209601214575,1.5785767137234816,1
-5.65215118818234,0.23210176417632297,1
-7.7419331359993375,-4.784260933402039,0
-5.349689463343285,-1.772583156168512,1
1.6742765756176274,0.9210822712672035,2
1.8265804461555746,-0.22461006816844764,2
-8.920839468293453,-6.96628503316195,0
2.114843469089583,0.3994364792363973,2
1.2153301069836955,1.0418447023276973,2
-2.963979739894053,-0.06309837618978181,1
1.7762856581882258,0.3505737849523362,2
-8.771117287117898,-4.838488693037811,0
1.6866870167426615,0.918637291270764,2
1.7332573550527655,-2.3470075537024955,2
-5.450019894360441,-1.101459245518908,1
-4.079768758133463,1.5110563477263121,1
0.004941790236361099,-0.3258286735795378,2
-4.655564838458253,-0.6870674533435294,1
-3.2252347569705337,0.05351643711614488,1
-4.145948331176851,-1.268960165627408,1
-9.193999478625528,-6.621157643158247,0
-8.191100768858927,-5.859890147275826,0
2.1028590223918187,0.5162593885074456,2
-4.968102190796976,1.0961152387862203,1
2.1937478964645747,1.1729367933137982,2
-3.6055366870848937,0.4564297439778086,1
-3.9755727228354596,-0.889075199688459,1
-9.653622252550889,-6.12507245933224,0
-9.194194368955792,-5.892271967158594,0
3.4291372059025615,1.906704580386638,2
1.722656625834378,0.3613329372729134,2
-9.995683685925169,-5.955733233909549,0
-4.3046557104359495,1.515140748325064,1
1.6449488022360466,0.5115281486792628,2
-9.797554558835348,-6.607845086101971,0
-10.262683900950098,-7.199285459698817,0
-8.53447433861933,-4.7674142763197205,0
-9.199884809597831,-6.288214107139804,0
-8.749329496606185,-6.663393459988496,0
-9.65768679736458,-7.543348337965549,0
-7.939069917346723,-6.266649488049494,0
-4.337666595873195,-0.11050387701602557,1
0.8867234532353001,-0.9382708805768962,2
-5.305855409437733,-0.40457375698260994,1
-8.030265072125125,-5.4939597434032805,0
-3.9734427598562925,-0.2134631341265229,1
-8.058082057572692,-6.965879993849869,0
2.3191298707820427,1.6981680887469712,2
-7.8159565082742315,-5.802258321966313,0
1.3176802830038383,0.06788604810724597,2
-8.99925240369297,-7.200670249907681,0
-6.8859469864293334,-5.724297730206517,0
-3.3879453783694915,0.5531733805384006,1
-3.9885614482077902,-1.1579378747424482,1
-9.39436219382244,-5.774365183185528,0
1.3096058153485852,1.1946434947698843,2
-9.87697819948031,-6.82851017232148,0
2.296363647329254,0.2531807231653617,2
3.203167569536922,1.1427620481331084,2
-5.381223134810785,-0.6341885206442942,1
-4.286857802964399,-0.13036246011081404,1
-10.211712537312033,-5.195108098951394,0
-7.382089652134171,-5.6341066459526505,0
-6.020758154585361,-0.5860775768397242,1
-10.496280625556157,-6.49184706916961,0
-9.05804783969191,-5.9063340068389465,0
-7.585679662869475,-5.341311626305162,0
-4.052797687263147,1.963716050192312,1
-4.573834610885635,0.3245029947117919,1
0.2972024272649776,0.1558566370817303,2
-5.15671142035683,-0.7206646409771658,1
-3.7963816846059437,0.19764601185065495,1
-8.026884351057705,-6.423856676604752,0
-7.693198774684038,-5.162044072814131,0
-4.503324582108978,-2.5815213552457585,1
-8.132388849295547,-5.593188626083723,0
3.547388024310223,1.4390955228323454,2
-4.671551058069551,1.2096007943979261,1
-4.361949710790791,-0.3189021365703187,1
-9.739415720160318,-5.2881401123853085,0
-7.850598014653881,-4.760164223966642,0
-5.468432119226479,0.08966164087475421,1
1.959569087667794,1.039364151559588,2
-7.98777609736733,-3.869927365165002,0
0.6620631292262591,1.593096942154112,2
-4.474580166527995,0.31102648878183325,1
1.3979097829303477,0.5326173990195492,2
-5.696614501301114,0.9863116740958022,1
-5.068963152684529,0.2436521652174705,1
-8.77706655678413,-4.573753794156704,0
-7.521521223373708,-6.0459404674693245,0
3.0208590386635574,1.4633889593270686,2
-10.30126088987147,-6.061182213680846,0
1.9133824606451433,-0.821169343414623,2
-3.096776560803028,-1.3102034175384762,1
4.109666456589161,-1.8822655821797665,2
-7.933560639749527,-6.362795997228529,0
-4.742552009531411,1.2488288611957077,1
1.5820091290572975,-0.03229487252446406,2
1.627743763232972,0.07359028565309278,2
-8.963914682963047,-4.51461285662368,0
2.011036077447505,-0.4525655602398747,2
2.0028427730981324,-0.3300726540611749,2
1.8338658462559572,-0.22452399728645656,2
-9.341532359082345,-5.499568305036008,0
-3.760377330493236,1.1023295578886794,1
2.892815655740123,-0.6064719714607252,2
-8.07730993972626,-7.065925200396149,0
0.5684894932010831,-0.050369106122373,2
1.118081866269596,2.015594209534627,2
-7.740962558240732,-6.564113889229792,0
1.2006688985990048,-1.5314225976763232,2
-9.705823161071548,-4.815518558747405,0
-8.246724503364511,-5.4804025683811615,0
0.5764354975784027,1.2730927032274995,2
-3.354687155530563,0.15927694016459637,1
-9.48565386974113,-4.976565533174147,0
1.1317058727321645,-0.4417942154399852,2
-9.1420786772171,-4.971732123831776,0
2.6292407960660693,0.557754127809015,2
-4.650597748193512,-0.7849349954703804,1
-4.147248402272698,-0.5121874148689111,1
0.46995506958765554,-2.6141098866997794,2
0.5006280861369083,-0.11399697104198114,2
-4.614955999081603,-0.8560501323073437,1
-8.80781993478841,-6.470345596567667,0
-9.04639429928886,-5.232851209869834,0
3.6379415523150795,-0.011685272205308461,2
-9.558260265845536,-4.207130582572708,0
-8.415011160745433,-6.359745922210558,0
-7.315257853001239,-5.1115884486241665,0
-8.103443144987233,-6.073298166608395,0
-7.837322653920839,-5.029869889519854,0
-4.76662864224175,1.1982449425168384,1
-2.6511547184909334,-0.6918286469848774,1
-3.989407167665491,-2.122139480522075,1
-3.3700307655731576,-1.3819734976313225,1
1.0906804194072308,-0.57903097319087,2
-4.5692628547351894,0.28562938316580605,1
-10.355886430271568,-6.205049631031504,0
1.847938254431222,-0.16524399477707685,2
3.1317348896852186,-0.06888043552094147,2
-8.976483486008974,-4.206185074858049,0
-4.517665068011276,0.7350579918030312,1
-4.336255944881714,0.6122937318829694,1
-9.15760417922515,-5.1710616855782074,0
-9.191527953847023,-5.73763572159075,0
-7.66798467347796,-7.10824783666295,0
-5.540758566752019,-0.26017606980907937,1
-4.086847087551947,1.0335862744518112,1
0.9716898038344636,1.0904914286194125,2
-8.367659962618895,-3.6957102552680645,0
2.304963153883052,0.4175725744423011,2
-9.217604790322953,-5.46475932131316,0
-11.082786626074988,-6.760130230724132,0
-9.10080254290399,-5.267445212002776,0
1.6726921612029977,-0.3577324389908174,2
1.1561087905828527,0.5195025692968822,2
-3.923653617827915,0.5703315960307738,1
0.6744134060722171,1.4492355840190956,2
-3.3466953346815265,0.7741416374108109,1
1.3204616712502522,1.851656903863873,2
2.2592279988768467,-0.9678044076353098,2
-10.67417277649353,-5.043762239242748,0
1.2001394334257856,1.3146729211218418,2
-8.504406492236248,-6.690351639211203,0
2.017364795260626,0.018348765744035656,2
1.9964205890331033,0.18830776697845836,2
2.943784819616978,1.8726601048361193,2
0.8517432896811195,-0.3862455575080066,2
-4.826726649505434,-0.39045225064248146,1
-7.068138192771016,-7.042356049840691,0
-3.8667045843338426,-0.726157244473451,1
-8.264461561503694,-4.698835716504532,0
-8.240016342310424,-5.49910683841357,0
-5.360115157207609,-0.517664984983467,1
2.709910431896997,1.3231844533046386,2
-7.511483818043761,-6.000510457950853,0
-9.819555694936843,-4.055328515638177,0
0.5235298071377548,-1.3024329234241918,2
4.526840820190065,0.9021530543810548,2
0.8692999321971124,0.1562966687729046,2
-6.037241313525918,-0.16117021970239964,1
-5.002267915132471,-0.2418439378277364,1
-8.440472333999097,-5.1870924447107365,0
-7.761705906038806,-5.3129394613834595,0
-8.337382468760007,-5.004819677571405,0
-8.180259759733943,-8.05058169170969,0
0.9519528644252011,-0.09362042270177862,2
-9.290698181240941,-5.681725857637091,0
-7.937178175063769,-4.514453511692121,0
-10.054484140747036,-5.436392852475427,0
-9.474292765103964,-6.417347714732104,0
-9.86479963423711,-5.333179012810886,0
0.8543503913100385,1.0888136690553323,2
-9.772313637070488,-5.692617801020432,0
-5.284643070061167,2.1130705858303425,1
-4.4823246952650955,-1.1245154528376238,1
0.6867330120392698,1.2158257802514347,2
-9.51338803871123,-5.5969509141012255,0
1.4615865317473538,0.5530898956229368,2
2.6463166892291268,0.5545699539046358,2
-5.833862755785956,-0.5186879148450222,1
-11.100398929672293,-6.3379794006784715,0
-10.027317465503888,-5.82024857496511,0
0.8895915213303127,1.672988010876206,2
0.4234219293820267,-1.0562862711412024,2
-8.498138418445285,-5.440122131920553,0
1.8190909486292717,1.257725316011089,2
1.2036994053947145,2.289141134122991,2
-7.541022794553885,-5.173554569015154,0
3.036763971758222,-0.28791584180860297,2
1.4446539796262539,1.1590590452538971,2
-4.9614200217736135,0.6956111171171189,1
-5.644481118512744,0.6398339895591031,1
-4.830041613916018,-0.9634768131246076,1
2.564857450237149,1.3721613272418482,2
-7.56750975054706,-5.614287921286432,0
-2.9869256835673172,1.2460299199065945,1
2.9170808661767267,-0.1459759615108972,2
-9.958776475873483,-6.649058808893305,0
-4.917748911074028,0.635990950105608,1
-10.285342576042249,-6.54228303001069,0
-5.764916309140144,-0.6618055172637208,1
0.9907594217657142,2.0191860233571215,2
-9.394722571896502,-4.394165458505486,0
-9.601982736458224,-4.615951405878353,0
-8.763983390679309,-4.455401436361495,0
-2.3991839018197965,-0.2812812693727575,1
-4.789734576181185,1.139440157234172,1
-8.289527958546586,-4.103330010976549,0
1.51590336211365,0.6007547077060946,2
1.2489280321271372,1.531465053373976,2
1.958933878204192,0.5739474807071119,2
-6.06738546590786,0.9896645826474806,1
-8.946242066542576,-6.914582403136766,0
-8.556479108976138,-4.797960522807266,0
-8.581830426324716,-7.222561612908338,0
-4.386047967446729,1.1574675682675746,1
-3.5221017482366177,-0.06862891472407776,1
2.3576401033940377,1.092379399161858,2
-5.699893960198515,1.4739650214281825,1
3.3182870169868,0.5866589530977554,2
1.517839712578021,-0.3889138174036375,2
1.711727405539881,-0.9434139465213986,2
-4.641492570341506,-1.150776957583218,1
-8.564838863559988,-5.248277192382497,0
2.8945030704592742,-0.8053376940010177,2
-8.811276009286505,-6.119318265801827,0
-4.226795675693368,-0.976343457274057,1
-4.250759693222604,-0.5352813389246575,1
-0.08201061233461227,0.5342873271947973,2
-4.975141339966272,-0.2810096120555643,1
1.4274338953106205,0.8271984298972831,2
-0.20173725578401136,-0.73432312889894,2
2.211031803620967,0.9575758274285104,2
-5.4962433959468235,-0.44866206498110395,1
-8.546892921479683,-5.793836901416743,0
-8.8010411392451,-6.491280077545327,0
-3.3041503811962203,-1.043539485459438,1
1.6240301316959702,2.2877468476467535,2
-4.3205757678096255,1.4935090578692929,1
2.5791244333530923,-0.7317610036258948,2
-4.132345801050023,0.15974116717510764,1
-4.826651908125601,1.6171959768905804,1
-8.999443659040459,-5.145635658223759,0
-4.727568460531401,-0.046813975950575626,1
-9.026662433738153,-3.944630156067234,0
-5.8120055106573485,-0.056981830372580866,1
3.1299567534422126,-0.09805136343295806,2
-10.740490577306723,-4.842183047056214,0
-8.917796503936676,-4.237337149627794,0
-9.567779852047678,-5.998867818009907,0
-4.668145633607493,0.704568975576389,1
-10.249234140291287,-5.912453826661354,0
-4.39955907350404,-0.2243621868360577,1
-8.177601403929728,-5.247909654632975,0
-9.281041955409194,-6.5977747631896175,0
-9.64588225102724,-6.27518734285796,0
2.1166365552787045,2.1056953627398096,2
2.080906759643085,0.8023849101293633,2
-8.223415781922736,-5.769734414894044,0
1.4392984047258788,2.0204399587048623,2
3.348461206113849,-0.9317862765374876,2
0.9558327962555532,-1.254516201369151,2
-6.427739535020621,-5.178356755612015,0
-7.48878714617956,-6.379566119627492,0
-7.635549727929067,-6.307742222049331,0
-9.528058684769105,-4.391448095924026,0
1.5894513838215134,1.4905267717274326,2
-10.03012797783472,-5.140980735444632,0
-4.098690359673707,-0.8346426595930226,1
-8.121022102232164,-4.300281980210252,0
1.8000513214683944,0.6525677453605646,2
-8.038559660598759,-6.267220630337819,0
-3.39878454281766,-1.2967666457119755,1
-4.228092104655193,-1.3436122213753094,1
-8.625776304657068,-4.358715868753495,0
-9.522247154799173,-3.7497944409789055,0
-4.87734280801755,-1.2752140843282753,1
2.1959849855564397,-0.5734027117501108,2
0.360432559846525,1.985966386957146,2
2.8945566022276026,0.29657440380193234,2
-4.4599246331879785,-0.9350972832688416,1
-8.188561662448762,-6.011656726161956,0
2.3868501357746252,-2.4575879707992336,2
0.840396620979855,-0.7215750382351467,2
-3.4043103872479534,-0.4642258113610799,1
-5.934995710399793,0.3805343653273234,1
-10.304459357960571,-4.317792831514646,0
-3.3765929231144876,0.4117787853394225,1
3.7371431273901328,1.2915851300028516,2
1.2919006527395145,1.2810303015911837,2
-5.446647094873624,0.03869840340630451,1
1.3085814001550138,2.17400105391128,2
-4.423937605432774,2.49266465442067,1
1.199926034195173,-1.7647592275458992,2
1.8852171936666513,0.33815932663017423,2
-10.597878380441326,-6.698331427780945,0
1.9575285852663609,1.3645339916893318,2
-4.614237430786063,0.9626326789088002,1
1.9345008447885597,0.9259492651986184,2
-2.164528294906777,-0.98363408707778,1
2.0975882645422845,0.772375935178596,2
-6.252938032495119,-0.23346236769977757,1
2.791594536962685,1.1655882260464332,2
-3.0443028452903853,2.5468518429897546,1
-6.724498495358786,-6.255242854846359,0
-7.368880865153245,-4.278859525502531,0
0.7950836233806038,-0.2781762480949529,2
-7.286775743305945,-5.177541613530739,0
-7.735257232171984,-5.74737512041708,0
-9.940503989183938,-4.959588810737746,0
1.8356991027001504,-0.0037910170911042984,2
-2.0453040488294163,-0.1936921001225827,1
-4.32375856767458,1.642427526342886,1
0.8792119756595527,1.7779915755275233,2
1.8046649560756802,1.0555752320290241,2
-9.292505554635648,-5.640008098269574,0
-8.349318523896077,-5.440823175136536,0
-5.541013546314347,-1.0167206993638636,1
3.835414964993931,0.5484512867964159,2
-4.302623331863379,0.5980334768837263,1
-4.8216610529768404,-0.5207860359561495,1
-9.709441830814573,-6.1320820508333584,0
-4.9163591713275725,0.2310342956446173,1
-10.270169803322965,-5.199851197331443,0
-6.191530266408449,0.6285398910146787,1
-8.471446425811815,-6.874250993151851,0
2.55708186291872,1.4549683604040988,2
3.0560138671240713,1.2782016766128117,2
3.788448789389906,1.7946503046904434,2
-5.640687946713658,-0.47012938012078864,1
-11.005510040557546,-5.7644642909229935,0
2.0595101491677137,-0.09507985260576701,2
-8.937611896425572,-5.005264304434753,0
1.5281203170754125,1.3448332429771552,2
-4.611914366246528,0.7468269697112615,1
-5.028199229235196,1.4852525852955774,1
-9.538116342445141,-4.964853526094101,0
-6.152267533445155,-0.6214849565602953,1
-5.38085650816886,0.8321585233471346,1
2.946116186355322,0.527121479219639,2
-9.169582860404844,-3.9329983179347634,0
-7.96355597516439,-5.467007467972829,0
1.367688051827429,1.8163360221328457,2
-11.514735904714358,-6.694924415944886,0
-4.939078103465801,0.3507039819730021,1
-8.681065133347714,-6.190740656411945,0
-2.0438326728416945,1.6019136798646005,1
-7.194363024303383,-4.141055552994865,0
-4.527764246400109,1.1353975558230136,1
2.4321325075784825,0.5733265311565394,2
-8.199585552543295,-6.264026096047736,0
-8.586395659636443,-6.072631111427507,0
-4.402855296500241,-0.04156962753596524,1
-4.766341205838596,-0.8514313903247426,1
-9.352452566916515,-4.534787716179759,0
2.111606356036471,0.15714978229844817,2
-8.349709119539925,-4.789083214938362,0
-4.35047426308039,0.00936204166955254,1
1.6456392844447307,1.4176903384502437,2
-4.326920344203071,1.1485587947481377,1
-7.361718975550113,-4.788827351831398,0
1.4003173201086976,-1.1511748619066957,2
-4.87314629841268,-1.2764612399850561,1
-8.27559307085479,-5.852810600299909,0
2.6388462876330285,-0.5790237983312649,2
-7.5017827708728575,-4.706107838756395,0
-3.34900231360471,0.09761889252266079,1
0.4551982598757438,0.4048329628367169,2
0.42760485833997763,-0.2566872010184281,2
3.926296985655185,0.1256354575011594,2
1.0998433052426901,-0.3762890142828087,2
0.9640823223626046,0.546382990039263,2
-7.654586486775075,-5.6841088711055,0
1.8266537345017395,0.491152478927462,2
-8.723477963934373,-5.924992843992597,0
-0.3763450424219541,1.1654653570649498,2
-8.638334804565384,-6.099403699899242,0
3.3110673987769745,-1.4931267288554686,2
-4.603425347137682,-0.9071721814843047,1
-5.957361537806843,0.5767315797176857,1
2.674874757828869,-0.923334620179268,2
2.5603839343383124,0.22406528423921995,2
-6.401870734005372,-1.344207805321116,1
-6.2622822285916095,-0.25528203704863023,1
-10.747569272150956,-5.125495693262102,0
0.5992788735113503,0.03190830003257972,2
-5.589408077495931,0.3117669329753151,1
-11.216613939026761,-4.332577893260634,0
-8.160789489267287,-4.118942524264563,0
-6.160431792071151,-4.0737641411816785,0
-8.798567792794174,-7.148560015790689,0
-8.967813346010251,-5.500345311115798,0
0.9430526695606813,1.1723657553104938,2
-6.524736784254308,-0.4591217592895722,1
-5.1112844747384,-0.12389206562468763,1
4.1082843549541765,0.032993766933915036,2
-3.7326979016196606,-2.1599019504750454,1
2.4172625526776623,-0.5563646621062268,2
-8.004031607818145,-4.536816037463108,0
-4.599657456715965,-0.1343032697349425,1
-3.749000775135145,-1.132580816293088,1
-0.8733168798991784,-0.1056867524121693,2
-4.1114471173859135,-0.5103804981785973,1
-5.539526924120868,1.5112971069364072,1
-4.444789381093354,-0.9559682110910694,1
-3.6834580670719133,-1.1920567322314568,1
-7.604012672521698,-7.426685900202874,0
-5.3523879569852495,1.2984598857958956,1
-4.328982043276001,-0.6934878741081452,1
3.0896278837065623,1.363792856672259,2
-11.595696374481562,-4.795047445872521,0
3.560228175058315,1.4054639587949902,2
-8.862962622586105,-6.2538976802915105,0
1.4408413800073079,-0.04234494881523221,2
-4.2274471361452,1.0604294764408901,1
-9.801308656352226,-6.306370764418759,0
-8.93967251951447,-5.38082450417419,0
-6.21786374370881,-0.2686353411686779,1
-4.750058452782468,0.5420433817139962,1
-10.681759211442376,-5.726276903682695,0
-0.19131470599258105,0.7486994966462852,2
1.680521394161857,-1.0199997575069029,2
2.108648966139043,-0.06272743225716393,2
-8.10285589330084,-5.551675513388911,0
-4.186357428606796,-1.1438411110969162,1
-10.827785735245152,-4.422454848724888,0
3.0919455388287127,0.6080484405161299,2
-5.52975069276514,1.2840238080593183,1
-8.246304151482073,-6.371484281966716,0
-9.216994200824562,-4.597121773280035,0
-4.388798469842959,0.7713154763239365,1
-6.2869951910190345,-0.6338196632665842,1
-3.748856937783219,-1.9303541192047113,1
-4.071985518145805,0.49302716992030976,1
-4.504972929523696,0.3899951359821841,1
0.9709025483934423,-1.0671325921839163,2
-6.688738957787885,1.6325543152190236,1
3.4373321929754903,-0.18496225310001013,2
-5.855882591311528,-0.32202178772898393,1
-5.465713246893991,0.46802441356543095,1
-11.011521934876013,-5.337328561112657,0
-4.1678320888664855,-0.7547436879508614,1
1.066665332286716,-0.023030485431303926,2
-5.662214374496218,1.9044755377050224,1
2.0888359825028724,0.2343001412565759,2
0.8396944038233813,0.2267558151377717,2
-8.182351289163506,-5.285893286142305,0
1.175707531102593,1.9359960693675249,2
-7.377092258173684,-6.490242301870133,0
-6.310209059709108,0.4002143930216286,1
-6.9217812731136625,-6.158921345018256,0
3.8459081763130913,0.8987933665484971,2
2.098160688404155,0.6637361285011338,2
-7.841578470641693,-6.332707923775932,0
-3.70228887362292,-0.21763863167736874,1
3.148887896254534,1.438649301663355,2
-9.867959861748226,-4.7210118057293995,0
-10.510863333328441,-5.380456170986286,0
-8.475894829132267,-5.484486022812648,0
-4.725461843177337,0.23862002033081822,1
-9.55379524029269,-4.90051138604929,0
2.2892749583109837,2.299295347916186,2
-4.425450387041533,0.6445862055752671,1
2.27901684939429,0.9993839311678843,2
-9.305707812853322,-5.053854029957825,0
1.9505040734784793,0.30627148931265646,2
-10.150257537339119,-4.165858225756326,0
-9.074131916444559,-5.337412052648107,0
-7.899883860564755,-6.232373811866647,0
-8.893007981885756,-4.15620815842724,0
-4.914190041686954,-1.6428493876383836,1
0.8323393868874405,0.5947910601465277,2
-9.612929092265988,-5.917305856503313,0
-6.400225123767396,-0.48428110890346066,1
-4.1485236532637435,-0.9008639692962647,1
-7.942822873002962,-5.772221110010349,0
1.8564408491156645,0.9295134037339522,2
-8.41592534441085,-4.070484863567165,0
1.7922490583245092,1.2498542357413878,2
-4.76675880303546,0.35743077216677027,1
-5.554211450361469,-0.42689815288655386,1
-4.780381530558369,0.6047107832425009,1
2.6507096200713463,0.3610751632071003,2
-3.809904009122109,1.8077234090581702,1
1.1436344315138829,1.2740522005500514,2
1.7934989510720771,0.6058226111293511,2
-9.582073371322199,-6.079460047487451,0
-9.421272508817154,-4.631386022669913,0
-8.465647835381686,-4.926353273932069,0
-3.9368178100226014,0.390477170352849,1
-7.626309971191282,-3.0340584252067715,0
1.8100927355898497,-0.08801402308655659,2
-9.966305558929717,-5.898777171449115,0
-3.7602570770301544,0.4863114569088901,1
-9.563248313842774,-4.271287239546434,0
-3.165741953990488,-0.24511544397681767,1
-8.546496075553884,-3.8866863146758517,0
0.21429100165411774,1.5996643988228287,2
2.8211223906426084,0.6143159739373782,2
-9.413126806231444,-4.703828782830468,0
2.6246017713720975,-0.021997606307400552,2
-8.058936447276375,-5.564225191451341,0
0.45544204597471705,1.3920938983657796,2
-5.720357686649156,2.8601905568133956,1
-4.5868051798827505,-0.6166708240601272,1
2.02161253791687,-1.0885591815984943,2
-5.2914741349055205,-0.6275645382773769,1
0.6987030961374954,-0.22029533107115296,2
-9.641833691293668,-6.625689978886216,0
-2.8047862085537547,0.21898517853274913,1
-4.231459427225203,-0.7081707467331758,1
-3.86204296210746,-1.3311150084941121,1
-3.982551198787591,-0.038278588504701117,1
-8.968669169488845,-5.709827112132518,0
1.9849866306894324,1.8115564214193505,2
1.9553192991940467,-0.5290620688188641,2
2.554491150340154,0.08974131865341506,2
1.7877765301559208,1.3489405121365325,2
3.6610619582376116,0.9881217213225786,2
1.165911710150701,0.8427558733163879,2
-10.921291504146735,-5.779921025555501,0
-5.58086248022471,2.925950353826789,1
-4.7385601447347625,-0.16680844964423808,1
-9.745672782015566,-6.684091091125792,0
2.3055999088514114,0.001270949339231997,2
-2.766811793912261,0.7442683631986413,1
-4.670923168689831,-1.921683337959799,1
-6.274010335692853,0.25235738418716974,1
3.2515208122783354,1.052851873138993,2
-5.3776521340592645,0.11816286401107116,1
-9.056056315405312,-5.116164756845117,0
2.898806990557811,0.4114893506127432,2
2.4905662438351768,-0.12796900554811874,2
-4.068864327884574,-0.19081055540712266,1
-5.138036646361801,-0.3147131393832416,1
3.865892383923322,1.388700182997041,2
1.830350118082524,0.6089688160800497,2
-10.973854551624992,-4.433143913251301,0
-7.6720100499119885,-4.744017085583839,0
1.4037162749220684,0.35792294198367625,2
3.874673592884422,0.5248188673264177,2
-9.858546010733594,-5.872784880889062,0
-4.803350337716438,0.8363811368404019,1
-5.132801895416043,-0.6804895718533955,1
-5.591588811637175,0.03156434263769304,1
-4.052783105952634,0.23271026905166942,1
-9.470115000542457,-6.628823715954883,0
-5.364552904450212,0.48005828745434165,1
2.1243257482854396,0.08594964813165556,2
-10.477654601472866,-5.468705250594639,0
-9.256010702753905,-5.956184597308535,0
-2.849064062049676,-0.9064089069402209,1
3.032687976928578,-0.3928900987592473,2
-7.328657268136807,-4.400964369745739,0
-6.085404432684314,-1.2973550516689458,1
-5.6665046397062575,-1.2783386488545976,1
0.8629658998964478,-0.49630878728057226,2
-4.632113028402602,-0.45482401584832377,1
-8.910099662978658,-4.431166890089699,0
-3.1469785145406926,0.8796423809790545,1
-7.507748127732276,-5.0232808831818785,0
0.7091151140120857,0.43877074832771407,2
1.566805300822468,0.7381531338257719,2
-5.443832008598642,1.3262713594183115,1
-5.085604017018283,-0.8630766553186644,1
-5.395117864030988,0.2559907313177875,1
-4.665294652297669,-0.7756330280614656,1
2.7510448510655463,1.4550433877006452,2
1.86002415009365,-1.2967818983939274,2
-4.468988133429968,0.7753863970798105,1
-8.723244154564709,-4.7556114941698295,0
2.2947859350503763,-1.2219781154239746,2
1.5321088431962142,0.37142262353841493,2
-3.74494188795671,0.05959437446752579,1
2.947567900029269,0.5105721527328348,2
-3.0200891467074875,-1.1947278903761136,1
-7.392175315302857,-6.038955087311854,0
-5.108423044941151,-1.0255417800149536,1
-9.906092436518392,-5.087900355038639,0
-5.106668529405197,0.020494447353174447,1
-5.254062751553487,0.9476051145100175,1
-5.682730779305156,-0.4624957475900173,1
-5.583322591614167,0.05208735919075748,1
0.4414739064936364,-0.9289704998102701,2
3.575620302159127,-0.05240045318648401,2
3.1117948778625864,0.23033698705196515,2
-4.425227378883932,-0.3556667863728596,1
1.6564698273277985,1.000850365818906,2
2.09082982298239,-0.22626014057509147,2
-8.526895138096267,-3.7610477024841975,0
-2.95121440243978,-1.6223800155933628,1
-9.065471921511381,-6.056958784652267,0
1.6359757584003485,1.0408063233350184,2
-4.851399801190168,-0.03882335889540342,1
-3.7992736711148476,-1.146686721428829,1
-7.881754717295662,-6.313522165825298,0
0.05797891951668244,-0.8597361269196457,2
1.9357245556719445,1.2024819966575033,2
-4.96086792262747,0.8036189653922264,1
2.677771811105222,-1.4491786992967821,2
-10.156153873598667,-6.956891665485356,0
2.421050974546391,-0.5797523280771848,2
-7.671803749710315,-5.755573691553282,0
-9.04124976359916,-5.750364173389873,0
4.2448359112235465,-0.5714083714589808,2
1.3835404166131458,-0.4468323679758498,2
-5.380031775309863,1.0276159637091502,1
-4.756141681398869,0.7381843504575253,1
-5.074979188965057,-1.0856717083398482,1
-9.11409219942429,-5.1128484586749465,0
-10.914623393503664,-6.45183110869539,0
-4.849550809543006,-1.2530426158428614,1
-3.9644831683471957,0.17557612194722494,1
-8.36280966341979,-5.676997583219265,0
-4.534373108634593,-1.2319613301216936,1
0.9854585815286164,-0.29627840652153015,2
0.4953841756472872,1.5575020862745752,2
-8.260799983426088,-4.0978725874177195,0
-4.598455723320966,0.3839477000884992,1
-8.574863564262778,-5.057894253852359,0
-8.493893223775688,-6.652329184382712,0
-8.414398803422342,-4.073733825930403,0
-8.626877609696812,-6.443753394556457,0
-3.9585154506514586,1.3560499213442474,1
-6.179508919861357,-4.655161572258422,0
-9.257562426461238,-6.09852671647519,0
1.714976694906897,0.6950996768334211,2
-4.510550512458204,-0.09686486568547092,1
-8.429515838955052,-7.749214516298581,0
-3.3616413341474396,1.2379685314913862,1
-9.29734446531157,-6.10748729695548,0
2.135440365604604,1.1517344891242565,2
-9.988724152592619,-8.812245010992038,0
-11.013220293945626,-4.083084583119697,0
0.8743822758847279,0.463269612487826,2
3.7297311752138076,0.5596783603590305,2
1.5872434245770943,0.2541563271624411,2
2.8222982194130743,-0.10573345708445647,2
-3.8184560616085386,1.2586590025354598,1
1.4118053600335927,-1.425441545988109,2
-8.934702575835312,-4.561768446596455,0
-4.86651249591792,-1.394438314018165,1
-9.55540848298266,-3.4865660788543815,0
-3.413783341483353,-0.16905237610282758,1
3.06849885448681,0.8914004997863308,2
-9.547867093421905,-4.935483004067219,0
-9.71758418970825,-5.580161817556675,0
-7.819545989378717,-2.8296540045693255,0
-5.499141006396412,0.22269762857309489,1
-9.377887810125408,-7.7607752928322835,0
-7.2219133195715255,-6.0908060815562735,0
-4.81584896481685,0.6065687025623261,1
-3.6257130743517836,0.49796834855791033,1
2.0777769318370853,0.39297152559042603,2
2.776961486537232,0.8018119570917126,2
2.243142752385198,1.4987826484687181,2
-3.987442624339321,-0.30313709063812644,1
-8.680537062697201,-3.0784334476820603,0
-5.417842148845089,-1.4879758930091889,1
-5.233100173652652,1.3576673718162788,1
-8.59671597626308,-5.878370155861824,0
0.6205194211226135,-0.4735382804365953,2
2.125210510242051,0.6174836767109162,2
-8.307239276014126,-4.085452907643257,0
-5.168115816685052,0.8697905368944975,1
-11.549334347051934,-3.0719956518820535,0
1.3778145415459915,2.01797237758389,2
3.8421218735619465,-1.839073795849608,2
-4.870309235932309,-0.23949830871010724,1
-8.39572349180463,-6.5698449794963585,0
-8.899641996742073,-5.983046870413421,0
1.7124960462788095,1.9208181831000497,2
2.394471780566662,0.5506008241895829,2
0.9307643339224814,-1.0808590629395995,2
0.8728421924417025,0.18620218424570584,2
-5.941341768457441,2.2599106035764507,1
-4.943729596687869,1.8774612888692315,1
1.7139266598841394,1.4778151627741714,2
-4.180414504971515,-0.6659455908009693,1
1.5058120398608779,0.9846288454616505,2
-4.463749263346391,0.651948644126957,1
-8.47224130253472,-5.15715878949013,0
-2.7894878164250763,1.8177536509604177,1
2.0595258243435155,-0.5502838448461409,2
-4.576628173169735,0.6307460303551035,1
1.3231650717489556,0.5118111690013558,2
-4.5615858731577195,-0.3573352268522697,1
-4.653473014855058,0.6880578102395315,1
-10.408840916896295,-5.84105771292328,0
-11.001750061198202,-5.5936376005785124,0
-9.6889262286379,-6.230276439852502,0
0.2748776347158641,0.10968958647848231,2
-3.0030626942786247,0.40571228995641295,1
-2.743015907296969,-1.183390220864048,1
2.3822325301778515,-0.7336048154299186,2
-8.36240279850534,-6.32873113077528,0
1.5910037478406656,1.326665126374755,2
-4.434238867552453,-0.969699342726057,1
-9.080909987519156,-6.651663794484099,0
0.8237235321922687,1.1379863764467633,2
-2.9263688444684366,-0.6340421097112954,1
1.655274591853578,0.6994030431992541,2
-8.707387577957807,-6.057452179025522,0
-9.114936708140046,-5.262219322391338,0
1.3372698466917823,-0.8735185711242186,2
-9.725989961094248,-6.526182443304647,0
-3.6090643186638327,-1.086216216964985,1
-2.912387042970048,0.026621446572734957,1
-4.153390750613741,2.261270436372715,1
1.7706517149438468,-0.08383651324258501,2
2.4059079276281503,2.6984508453477174,2
2.694043178982228,0.6888496549468286,2
1.6148028048527883,0.6577425893262396,2
1.2727485197551465,-0.9487980996684404,2
3.3242339263412193,-0.05334716339768497,2
1.825990870200381,-0.03013326234077618,2
-8.699851802010699,-4.366109274104087,0
-6.96846002031054,-4.8596416631545125,0
-9.307371719440944,-4.764867166050291,0
-9.999526567377833,-4.483097302890031,0
-8.820503319337643,-5.971204525755202,0
1.133306940131873,-0.11527356008243794,2
1.0831034327657627,0.99190888531061,2
0.9024579512651696,1.2864904387311258,2
1.0635743245560927,-0.33710414400601063,2
3.7644984702515703,-0.36247829902905637,2
-3.44663590522076,0.47516659826156,1
-9.512198437477108,-6.116890170607715,0
-3.9218638505223518,-1.7302958857965915,1
-2.2544321096295628,-0.6162060026569468,1
1.5905245568557598,-0.20826918110225412,2
-10.434603097384962,-4.959452741266736,0
1.0366572809736558,-1.1684319422554617,2
-8.566376552055129,-3.987933978839669,0
-9.262537187576594,-5.072119255877643,0
-4.163540366583157,-1.1511345112223896,1
-4.932956215257367,0.05757327710656494,1
-8.338261619060512,-6.784566858424688,0
2.253616902742675,-0.44442599964946006,2
-10.039355205399064,-5.399475097920185,0
-8.50263890665432,-4.608682696754421,0
-3.6608557155180477,0.6109097581149269,1
2.32011028703749,-0.9360018851945524,2
-9.408674879194809,-5.706670925944412,0
3.163300398969902,0.9049648708888636,2
-6.1830919018997985,0.16104206301001145,1
-9.31520873637355,-6.685445979482482,0
-8.067042162358504,-0.3691917627141829,1
-5.659222137865987,2.1568128063393934,1
-6.006102321520424,0.5937898678318331,1
2.9809594558260426,0.4610604702597803,2
-10.35876421797561,-5.186269009752711,0
3.5834754336794274,0.9120110779516566,2
-8.130436762907543,-6.569799089827351,0
-8.080540595864527,-6.708442533111306,0
-4.306592907322957,-0.6109012547501723,1
-3.29961772397695,0.11103843271012172,1
2.068711059788683,1.2456731610410614,2
-5.302020837946024,0.020668326548511362,1
1.7556875510690215,2.48838668821688,2
-10.09150037184327,-8.123904470502884,0
-8.941986829361786,-5.020903807127506,0
2.6319722922454307,1.1158184700831382,2
-8.69782572949338,-5.38502460533821,0
2.1777448252241247,-0.23095077309062095,2
-4.813285524299355,-1.9542014721137324,1
3.0774678994111095,0.487509167415712,2
1.7966787773883242,0.6267928967498595,2
-9.869667348829923,-5.6371528087748946,0
-8.391596650437368,-5.541852484920653,0
3.742686302287404,-0.7502231653357891,2
-4.245108422311803,-1.343778461044498,1
2.1052513891167237,2.705412225455351,2
1.703958197273071,1.6202903517414178,2
1.7782310406182265,1.2252146503718577,2
-3.8215061982396756,0.7201956423715965,1
-3.3641560894440787,2.0416697471453507,1
-5.44770217653314,0.6031484652321288,1
-9.444340943836563,-5.357890239122123,0
1.8933646253578895,0.5795426642163966,2
0.7168146290197579,-0.14968700370453636,2
1.8563430356851305,-0.02816403759107511,2
-8.970662252123258,-3.554526002584902,0
-2.7405256513943623,-0.034252064524750825,1
-4.772905098609068,-1.5886662329379846,1
-3.450048983826103,1.1658675988854095,1
1.5270205571259234,-0.319537295190208,2
-6.059624612948667,-0.2056423501149267,1
-4.488164480943522,-0.011739753850731893,1
-4.527642573459283,2.185236409268157,1
-9.850860042351858,-5.586032490265994,0
-10.72143172778081,-4.689778288484299,0
-5.597074305113817,-0.3686157195146879,1
-4.404708559643481,0.1974768387914742,1
-9.391198586667384,-6.976665785730745,0
-4.907726014162727,-1.3401250294016032,1
-8.064756718003302,-4.6095260240804725,0
-10.303937851823829,-3.774877489970949,0
-6.85864114554864,-0.6361929661820234,1
-5.998775796504678,-0.25187634055487823,1
-7.20954532766708,1.2749859067283913,1
2.8464774297374515,0.4673038209539278,2
-3.9682880834499747,1.1017677828759238,1
-9.362718467411089,-5.436930999551609,0
-4.023370380645433,-0.15757065561049852,1
-8.939546733282775,-4.709520650680999,0
-8.107701520733363,-5.628744187975103,0
1.379743766591662,2.4757105845682315,2
-9.830604008503517,-6.363810908445996,0
-8.859004280101894,-5.655936234737886,0
-4.024052132570974,0.6331759278412288,1
1.1806121781068484,0.6056272341448156,2
2.706622596791177,-1.035441110216932,2
1.7439403730685548,-1.4783882363937935,2
-8.588925973066226,-4.496360072710914,0
-4.570055834068173,1.067546124272587,1
1.7454126629900741,-0.8214587893014678,2
-4.787785663132005,0.11935530048181028,1
-2.8480127129223716,-0.3375751719331556,1
-8.967632406831457,-5.118940256222421,0
-8.32328677650838,-5.9084790602362265,0
2.1868614037630745,-0.6138793765803312,2
-6.957016518796102,-6.168294669202298,0
2.9432409512307456,1.3199491173125741,2
-9.647521934091229,-5.269310448426802,0
-7.151976649119726,-6.013683649809295,0
-1.8720972291761862,-0.35793907981278006,1
2.355699183121577,0.5129841113666196,2
-3.35112600064156,0.03489868281123973,1
-9.40196134926296,-6.259828868449949,0
-4.990868400813436,-0.5251114195100554,1
1.3246744163728663,0.4733443247003822,2
1.474881616417914,-1.088222411650374,2
1.5710411615841233,0.12053572185068617,2
-3.3999820409877675,-0.2898190689146749,1
-4.026169217774198,0.44200430923647044,1
2.232994264786273,-1.0733107995180575,2
-6.5154455346716205,-5.3711329326967565,0
-4.779440244027336,-0.6805117242931324,1
-8.688766161347612,-5.717160864828306,0
1.9584889187617822,0.20063358005608273,2
-8.756630089838131,-4.4432674043693785,0
-3.9867474554311766,0.48648523522306963,1
-4.650431642282756,-0.2056988351619194,1
-9.161177124808443,-5.303399279545378,0
-4.616971218053589,-0.019079366978444368,1
-8.760557674131483,-5.60819959368923,0
-3.796261382585441,-1.3905334988789346,1
1.5213300389662574,1.8241846883149397,2
-3.686953458695322,-0.15777709993459732,1
2.7889555006052684,-0.18889477042897773,2
-5.0658706380382235,-0.7023167826988752,1
3.213395191885474,0.7207612819133132,2
-9.456082726666587,-4.271228079322207,0
-4.672423411588857,0.05800425282776599,1
-3.5908248375113763,0.3256375585846938,1
-5.746172946415983,-0.4241493122664649,1
-10.353153644077388,-6.618662170384914,0
1.087324019557516,1.0036855067685548,2
1.5519882046278517,0.37851938526438333,2
-3.6194728679338937,-1.3224101532617965,1
-10.365609161072875,-3.793549538733107,0
2.559946733620115,0.2087512480335203,2
-4.096445087919157,0.26052802326207125,1
-10.63747260350863,-3.8883182856717227,0
1.8238629036540959,-0.7869159317582572,2
-9.282386853122723,-5.244460287703559,0
2.1405527204869537,-0.016371434182562372,2
-3.4978714105430795,-0.760038420119062,1
1.9794114945471935,1.4626798256446856,2
2.4250852110985024,2.3451827742403006,2
-3.689015390225299,-0.10105728971766229,1
0.11261937434225211,1.7367712356772447,2
2.5780057114293355,1.2376552707992763,2
-3.6896546650562336,-0.8326553795476458,1
2.985448004179233,-0.6128006472216001,2
-9.19103813486944,-4.112440509701503,0
-9.32124010838266,-4.3300960000751925,0
2.573263673578894,0.2791142066798152,2
1.185361306485972,0.2674420492059485,2
0.42797579462274493,0.217542679563008,2
-3.3418485953973684,-0.20731210798428978,1
-11.05777622012085,-4.754306056893029,0
2.6710943403614715,0.5173468159099809,2
-7.540582786133213,-1.2655822871571072,1
-0.918090705143408,-0.5438080147451341,2
-10.075139757441242,-5.166140659280098,0
-4.512067451288989,-0.3148652676539939,1
1.826485106661667,0.2573872609332355,2
3.1326328018764977,-0.6969622192895242,2
-9.664962792251835,-3.517326596932492,0
-3.679406288229191,-0.47864267600308064,1
-10.681572900255562,-4.33209993971486,0
-3.9940752119603906,-0.5905462488745326,1
-5.720597373387377,-0.10924406333381667,1
-6.808790846707652,-4.620629561952247,0
-4.183160451979774,0.8460823559299595,1
3.025549991792903,0.43875479705148973,2
-10.726444373937936,-5.145179614389152,0
-8.65588573346741,-4.696329894434855,0
0.7252901279879973,-0.08292832983327336,2
0.06989390199180145,-2.201940029208436,2
1.3143312117381631,0.14796286447913715,2
-0.07317061168049221,1.2805904876886098,2
-8.539527060983598,-4.179547808307955,0
-7.970790797515643,-4.981230722901548,0
-9.013559699515337,-5.625264220501237,0
1.8451826077625164,1.5961747917429092,2
-4.077868118179627,-0.8271732206655811,1
-9.412737280548077,-5.198149896659186,0
-9.19109472346715,-4.167130649499599,0
0.23886005793406984,0.11078347460270238,2
-5.78391696855782,-0.4459230235191285,1
0.6289111851483444,2.3199624732301283,2
-9.355505497264684,-5.626137592323685,0
-10.455310047594793,-5.5083888282672255,0
-7.325771780330898,-5.944625911348799,0
2.9453678698172974,0.7046136835670331,2
-7.403137026996489,-4.697283683548042,0
-5.877859428034984,-0.44731747590706883,1
-10.92292963405382,-4.215832410998027,0
-8.579696002666978,-7.377091963899569,0
-7.483972085133248,-4.997666633348237,0
-9.348180028930857,-5.904305992652762,0
-5.127499272038498,-1.6465288960578375,1
-4.975348631088307,-0.44596857165226156,1
2.563954794351759,-0.24028755466840068,2
0.9014051014169693,0.8857501279135257,2
-9.511533410050559,-3.744241820563215,0
-8.615512405876498,-5.176937573418215,0
-4.805516477983412,-0.8786196120210551,1
-0.05895223929042537,-1.9568020299653774,2
-9.097713829009916,-6.403177618787765,0
-5.197760907453301,-0.1519661399492889,1
1.8284893075028266,0.34484725909727443,2
-9.744184136056218,-6.083270113291655,0
3.2609203245096725,0.2287215107911157,2
-6.853906845458546,-1.8942196818188792,1
-7.8141062541570765,-4.949899007962928,0
-4.774700921851763,-1.2086883890460214,1
-5.556544005765996,-1.601817458895052,1
-8.305725426267667,-5.050332426001561,0
0.6122599571620995,0.7950376556060459,2
-5.17398168659146,1.4999292179242014,1
1.229256513495824,2.0109660846492288,2
-7.316756669377688,-4.114941013824956,0
-2.513435394060142,0.09823894952758867,1
2.4839946148644083,0.7889239287147974,2
1.003400680104363,1.223801738700735,2
1.2240343157016778,0.3125983423601676,2
-5.441667541498855,0.3084298948759099,1
-4.813444023309665,-0.06375730761334819,1
-5.291750418201495,0.26580745866358324,1
-0.15562308477562325,0.5504577471376082,2
-8.352969968244734,-6.136615090272412,0
-4.839529850050699,-0.6175954715007623,1
-4.1894017026177615,0.16045278426265985,1
-8.753188343022702,-5.112567890249545,0
-10.388321991151399,-5.962169896256585,0
-5.506884658421193,0.6039869489735531,1
-4.235383752656026,1.0016743678157753,1
-5.3034807045224035,-0.1402123837568782,1
-4.302772856758895,1.5800071006393726,1
-7.458683385030151,-4.801524159830924,0
1.5162341946765687,-1.4918392198317767,2
-3.7034325794623855,-1.0879775237339242,1
-2.6341134746201567,-0.1477405549016806,1
1.8726395593149967,0.24980896468722502,2
-5.960810491941313,0.4608156434668014,1
-4.059009003225314,0.4785730042290068,1
2.9019561956383897,1.5004030838925333,2
-9.614597138339844,-4.918487163969653,0
-9.408707072752183,-5.371872542545626,0
-8.973095687681601,-4.478943994938256,0
3.027612824051787,0.28636058240934614,2
-8.011283357810148,-5.5433394817992605,0
-8.04150698542552,-5.948699800360832,0
2.765151592607608,-0.140993142395751,2
-5.5337122300424655,-0.6939779421434111,1
-8.631857905479922,-4.705688330278303,0
-9.046791364880068,-6.316021071610078,0
-5.4339250991417565,-0.31049153204632085,1
2.4851599534022197,2.9745596917522352,2
-9.848801758690911,-4.48634770496306,0
3.415639847780499,0.17584340146589644,2
1.2847829604526917,0.6850534593763923,2
1.9306932627376345,0.15248150592030157,2
-5.239702403772723,-0.4404201310776379,1
-8.29670947371428,-6.0638877792766905,0
2.1624930603790107,1.8084036133822743,2
-8.179033143208343,-7.070875970108343,0
-4.172542486138813,0.017826018972306484,1
2.6677252952781343,-0.20131343006575675,2
-7.395455518978677,-6.697694394830196,0
-3.811420104670076,-0.128327728560668,1
-4.433163548138596,-1.0328923442393065,1
-9.451052989741973,-6.634013569562122,0
-8.768739149445773,-5.945912984088036,0
2.020438424684124,0.3177748174239471,2
1.096651673879582,1.4413211894914486,2
-9.571824405935475,-5.443755632005579,0
0.22972691685345503,0.26671431474772966,2
-4.700769377100944,0.6731093225251736,1
-8.561400737723133,-6.044288586729508,0
-9.556751995009327,-5.169511810979945,0
-3.846203937867659,0.6783794911453189,1
-10.0116458107506,-5.207454120549573,0
1.293926038750191,0.9273782958081289,2
-3.849344238291777,0.8134698542999594,1
1.5242164676389605,1.9368567769376828,2
1.1835482948080895,0.6489042772868683,2
0.8454283410550951,0.8443497239361915,2
-5.927139472820555,0.41383075255519297,1
2.5464661726478117,0.5619568489303001,2
-7.972645785428618,-6.74051632970758,0
-5.009101093958691,-0.05608711256709009,1
-8.71323921360473,-5.796294782233473,0
2.173237264235966,-0.2212247688252874,2
-7.357077112050666,-4.414195175787988,0
-10.31190400166771,-5.161900801536533,0
-4.3695835410476285,-0.7559800295253781,1
1.0122765583319546,0.05597065520441086,2
-5.899878656736644,-0.005296649635172318,1
-9.067363764621442,-4.909175170379718,0
-4.449003878277769,0.5084048136285878,1
-4.7270671010542005,0.6636601795455924,1
1.9533077856178316,-0.25011692654279616,2
-9.354612986193356,-4.835358348067277,0
-9.913230301518855,-5.2340740238679935,0
2.224381454778809,-1.840657073264886,2
-5.1417588411506285,-0.5822568106593672,1
-5.185206556201615,0.7819934795478567,1
-5.701430867270432,-1.5346998046212776,1
-3.5854373519556133,0.1602561510388506,1
-9.140521212368933,-5.074881075908982,0
-5.437058469696152,1.4742310785644799,1
-8.055294029575876,-4.666673731160237,0
-7.496769904546038,-4.79577829835562,0
1.4091009931778935,-0.27436623048928843,2
0.40329881409506596,0.1997572014258397,2
1.9191813092399062,1.6789582563371532,2
-4.78244976960153,-0.14350123268302373,1
-8.021506458197926,-6.16102213720574,0
-3.857705947494424,-0.1858238594565199,1
-4.480375034757793,0.11257580586592743,1
-9.504834898224841,-8.090490544609413,0
2.9982474411415803,3.0653484777270283,2
-4.584485788664869,0.827928441000225,1
-9.29645378676194,-4.134620236460003,0
-7.880348970945752,-6.93851400186863,0
-10.201080413693191,-6.525425252567019,0
-4.815830965336754,-1.2403624692478028,1
-5.471958264889675,0.37269836790608313,1
-4.880153876809894,-0.2531659693137949,1
2.3794605255047068,0.04788938530953285,2
-2.960168641670359,-1.157538651680714,1
-4.307972613272398,0.8779004090006334,1
1.3312456177493548,1.1350684034232754,2
3.0674968082160383,2.524267254561808,2
-9.21380043413023,-6.3329827490823165,0
0.09186913077740533,-1.4561810510502264,2
-7.323691291379384,-4.890602793286129,0
-5.104323630428801,-0.5379721568596882,1
-8.21940092700339,-5.08488908622435,0
2.1818857953182134,0.27673150088585835,2
-8.345052488310932,-4.792873040976459,0
-9.0423106574178,-5.73226379987305,0
-10.33911817383079,-6.604440668884864,0
1.7379680527417658,0.4008131731175744,2
1.4872286024505583,0.06418776454739772,2
-3.8187126567064698,-0.28438700050180044,1
0.8890751840932798,0.7232852297281536,2
-9.551956135955667,-5.411725191459648,0
-9.140738720198286,-6.542375119592004,0
1.1789895377706059,-0.7614378260702757,2
-10.198535240480414,-6.065784276793444,0
1.7831905588925723,1.108908993634789,2
-4.6459688514081385,2.3125662342415354,1
2.291222712235838,-1.382069045577306,2
2.363776412347946,1.3040705753453707,2
-3.890969845176924,0.40867973673295255,1
-5.599760479640109,-0.5677525173427138,1
2.1751693647182893,1.4838674182688796,2
-8.757387089360183,-5.356607165941065,0
-5.460721638774297,0.7796420333649293,1
-9.127823491672514,-4.748580759862645,0
-9.820510293057668,-3.585189894509818,0
-2.5354706758336216,1.1646684420936193,1
-4.197697177551754,-0.965204621288142,1
-7.759078995358191,-5.679485594187776,0
-3.566035439621695,-0.7185363862554146,1
-5.085354201920092,-0.18123113240324606,1
-4.739257433503341,-0.3451832390800177,1
-9.544538315668351,-6.249366720276562,0
-7.614981727355434,-6.588148000278866,0
-3.86519786721288,0.6118748780376863,1
2.594295602313088,1.7055721103799772,2
-4.121336871608266,0.9099245284637403,1
-4.685787625646798,-0.6444305930204516,1
-3.7987824276670135,-0.11484738612549966,1
-4.88491411483108,0.29256645779234025,1
-4.761341770360722,-0.9291386303310134,1
-8.859245793257752,-6.064276281155361,0
-5.6282600330983374,-0.08083837117694867,1
-9.808290079878374,-3.93763375597187,0
-9.32361504933867,-5.395308905574364,0
2.370599942492311,1.437720119997191,2
1.824136416997553,1.4059651168164455,2
-2.791303329891229,-0.10708707700828482,1
-8.728242566291888,-4.628572735118359,0
-5.6866806213079,1.0234092589361685,1
-10.794920445706785,-5.300676911033646,0
-8.001410399388948,-5.679473563168303,0
2.784317009992061,-0.886001490805195,2
-8.978521561450426,-5.879767219522735,0
-7.693918803375313,-6.6961895076418045,0
0.598698219996896,-1.0188205997021604,2
1.8426597207297064,0.4178701390960527,2
-10.214803693737844,-6.611396107611878,0
1.818695805623947,0.5195828257357925,2
-5.171381818733409,0.37523350758513085,1
0.934987313562682,-0.46851690778793664,2
-9.575012602843794,-6.434044517891015,0
-9.571059163781895,-7.774756625737102,0
-3.3660448366629683,-0.43552342973093416,1
3.86995792386841,1.0698598407620823,2
2.0050997545295517,-0.09537393252004533,2
-3.398609309258496,0.9614810586036064,1
1.334660055517371,0.40868260084095626,2
2.4283468559914403,-0.5885186902547581,2
-7.631815133341804,-5.157675135614439,0
2.0166701056516394,0.5267364569860529,2
-4.507867049169586,0.2747326957848754,1
3.981079781269808,-0.873505153341293,2
-8.621391943065268,-3.44924907754299,0
1.9556266084247051,0.8895931965982914,2
1.8835486724182948,0.0716747636741541,2
2.450450233133523,0.9338874892250553,2
-8.417725796163744,-6.229585526125462,0
-7.556833620538484,-5.323416384848579,0
-9.186919761516775,-6.16623621107569,0
-8.59164045452141,-7.659349373516713,0
-3.4342427154118864,-0.9065960884598339,1
-8.716544196673397,-6.232189791373223,0
-2.953980043498295,0.5399277999633555,1
-6.071300773962317,0.39149501596719105,1
-7.368727063948766,-4.871292652965542,0
-8.33453195210993,-6.197112062659316,0
2.0998947330299185,0.5848147268082818,2
0.551508588640699,0.6580577688538898,2
5.676767030624564,-1.8390846365222973,2
-4.517153761214939,-0.4039882256947826,1
-5.279698958847924,0.24318309840736307,1
-3.410874734511897,-0.7682474720248105,1
-9.958592399389568,-6.008756301443765,0
1.380554918055048,-0.14726861561693116,2
2.747799356573848,-0.07985079502791004,2
2.874551747453404,0.22107514129887396,2
-4.50357516584529,-0.6745302512262374,1
1.3990884179680072,-0.49593261197989125,2
-3.460328247658949,-0.5614376154257811,1
-8.4518103255008,-5.064127181046795,0
-3.5227779739157112,-0.645836033341967,1
1.0717339229562817,0.07485888744504382,2
-9.671431658502366,-5.642545667069802,0
2.0048308240971293,0.7310828467250129,2
3.755514369342384,0.42118580888184004,2
-8.199973510715521,-5.887542543180799,0
2.2951818514383624,0.4229804226597217,2
-10.413185716797935,-4.820458312228647,0
-3.874570388584608,-0.6463624116892939,1
-5.09853559805347,0.04629528048160639,1
-3.1257490078696,-0.6397256038130048,1
3.532015231443493,0.23215685189460905,2
4.964621156627894,-0.28989546179746084,2
1.5467192424922345,0.5691176390522915,2
-8.562029820761158,-4.959069159894121,0
2.959783159043531,-0.3491250440062491,2
1.4466367201101427,1.8221322249332474,2
2.378611436149401,2.469007189887484,2
-4.57032376829287,0.0733386901294465,1
-7.6667421056427845,-5.30009759032315,0
-9.76362314877726,-3.906115022757656,0
-9.473501563788638,-5.121444528891233,0
1.8763716803185684,0.4836851223008021,2
-3.9976240433368018,-0.13327018640800808,1
0.6735805099733829,0.8390783653507125,2
-9.257360803927398,-5.72654504777491,0
-2.9698630302453823,0.7031436857486713,1
-3.9800746881006877,-0.7076930487937049,1
3.0807300321041047,1.0742803077200227,2
3.132149651761197,1.5320183766655926,2
-6.4261449029414255,-4.137881889929545,0
3.9128173710712097,1.0702860453234346,2
-9.880275090503648,-6.253621505024418,0
-8.665415498271631,-5.811252951389692,0
1.0650223458570172,0.7383002863434927,2
1.771436423969165,-0.31811463561594444,2
0.10116516669732745,1.6122145543171322,2
-3.728118104022057,1.1938793502578475,1
1.7974709549761148,-0.1396516397972487,2
-4.8040996029831975,1.702323667208138,1
-6.525636797789169,-0.7738770621615214,1
-3.790560105202054,0.9493562693284766,1
-8.386443489212274,-4.327126501407266,0
2.1489679754685884,0.005668827576412294,2
1.509697514282113,0.22211916776324553,2
-8.767733411016618,-4.844528317784693,0
-7.318400254027321,-7.030334746236488,0
-3.773461732061822,0.37639413541596806,1
-9.100447915346061,-6.985585374701667,0
-8.724316346978705,-6.379186454113568,0
-8.027044108387448,-6.416653549019713,0
-0.2834487476587677,-0.269166846753534,2
-8.99933496611767,-5.154267793142711,0
-7.5435183720950425,-7.268347584191338,0
2.55542039801718,1.814109818315518,2
-2.4486580900893147,0.5107465561401745,1
-10.499069211650799,-5.585608830789272,0
-3.4075439048488105,0.6946332250246818,1
-9.344817855778976,-7.181969170602655,0
-5.132062857280377,-0.8116092671902997,1
-5.679902601188704,1.217798437776163,1
-7.990366325280352,-5.347131046114068,0
-4.075861007708525,-0.26174849813526657,1
-4.360055124641327,0.5618072800446541,1
-3.995169232275312,-0.3735672320973632,1
-7.6950368139466505,-4.0090051185157956,0
-6.430739057991818,0.31058253030481375,1
-7.022551383887453,0.20253361718831564,1
-10.708692243552711,-4.426016015310635,0
-3.1861735315129884,-0.4445525904203901,1
1.2973753429320132,1.102673607461844,2
-4.394764138785461,0.4905250693360578,1
3.8795264303450043,1.797815895447513,2
-7.4458062505688565,-4.927943711318327,0
0.8107190221275515,-0.44580808672031946,2
1.253762395883534,0.3813736792070936,2
1.6745173020466253,1.5551410743044525,2
-8.160561055177547,-4.75634546735464,0
-4.6417242895402,-0.20484386128681037,1
1.1418034572673246,-1.8727258887168396,2
-10.250599288435609,-6.1106453460489325,0
-9.06021228172921,-4.167501202128093,0
2.1375978830025444,1.3939943172374782,2
-4.30216484066962,0.6207882790979302,1
1.2244363477351836,-0.4868733879956443,2
-0.7541468526377684,-0.3312109380826953,2
2.2863984980417205,-0.39169078168877636,2
1.6097902151818826,1.8989792286427045,2
-9.609525689436698,-5.66737909406462,0
-4.555858856456779,0.08252838389092257,1
-5.114131950827724,1.4975265077000262,1
1.7701995440492537,2.1935971081890155,2
-10.08833318710566,-5.011799147923784,0
2.3532281051914703,-0.034483058444716885,2
-8.527192166934885,-6.726876241286414,0
-4.062207850070167,0.9507732868876301,1
1.3610525458054157,-0.9074918626465494,2
-0.35414110814243926,0.7122416302283128,2
1.8857725212204606,0.001411856930828792,2
